{
  "project_info": {
    "project_number": "481134040478",
    "project_id": "quickcash-8960c",
    "storage_bucket": "quickcash-8960c.appspot.com"
  },
  "client": [
    {
      "client_info": {
        "mobilesdk_app_id": "1:481134040478:android:da2cb6eb71fa559b81f28f",
        "android_client_info": {
          "package_name": "ca.dal.csci3130.quickcash"
        }
      },
      "oauth_client": [
        {
          "client_id": "481134040478-8g81oru3kdbk6cbkq56g3l8g4lrk1qt4.apps.googleusercontent.com",
          "client_type": 3
        }
      ],
      "api_key": [
        {
          "current_key": "AIzaSyA11zaHHAqcNbDpsOBETtVNEqjLgzCeyzU"
        }
      ],
      "services": {
        "appinvite_service": {
          "other_platform_oauth_client": [
            {
              "client_id": "481134040478-8g81oru3kdbk6cbkq56g3l8g4lrk1qt4.apps.googleusercontent.com",
              "client_type": 3
            }
          ]
        }
      }
    }
  ],
  "configuration_version": "1"
}